"Combo_ID","Model_ID","Model_Name","Model_Type","Recipe_ID","Forecast","Train_Test_ID","Target","Combo","Date","Hyperparameter_ID","Horizon","Best_Model","q_val_80","q_val_95","z_val_80","z_val_95","coverage_conf_80","coverage_conf_95","coverage_z_80","coverage_z_95","lo_80","hi_80","lo_95","hi_95","method_80","method_95","coverage_80","coverage_95"
"M1000","meanf--local--R1","meanf","local","R1",1217.64194972876,1,NA,"M1000",2015-07-01,1,1,"Yes",447.379671719395,690.032728807282,284.606683063298,435.268360291396,0.642857142857143,1,0.428571428571429,0.571428571428571,770.262278009365,1665.02162144815,527.609220921478,1907.67467853604,"Conformal","Conformal",0.642857142857143,1
"M1000","meanf--local--R1","meanf","local","R1",1217.64194972876,1,NA,"M1000",2015-08-01,1,2,"Yes",495.36866353676,729.591950576501,284.606683063298,435.268360291396,0.642857142857143,1,0.428571428571429,0.571428571428571,722.273286192,1713.01061326552,488.049999152259,1947.23390030526,"Conformal","Conformal",0.642857142857143,1
"M1000","meanf--local--R1","meanf","local","R1",1217.64194972876,1,NA,"M1000",2015-09-01,1,3,"Yes",583.562826887478,766.490936849941,284.606683063298,435.268360291396,0.642857142857143,1,0.428571428571429,0.571428571428571,634.079122841282,1801.20477661624,451.151012878819,1984.1328865787,"Conformal","Conformal",0.642857142857143,1
"M1000","meanf--local--R1","meanf","local","R1",1201.61763181908,2,1430.00000000001,"M1000",2015-06-01,1,1,"Yes",447.379671719395,690.032728807282,284.606683063298,435.268360291396,0.642857142857143,1,0.428571428571429,0.571428571428571,754.237960099686,1648.99730353847,511.584903011798,1891.65036062636,"Conformal","Conformal",0.642857142857143,1
"M1000","meanf--local--R1","meanf","local","R1",1255.3869419226,3,970.000000000014,"M1000",2015-05-01,1,1,"Yes",447.379671719395,690.032728807282,284.606683063298,435.268360291396,0.642857142857143,1,0.428571428571429,0.571428571428571,808.007270203206,1702.76661364199,565.354213115318,1945.41967072988,"Conformal","Conformal",0.642857142857143,1
"M1000","meanf--local--R1","meanf","local","R1",1255.3869419226,3,1430.00000000001,"M1000",2015-06-01,1,2,"Yes",495.36866353676,729.591950576501,284.606683063298,435.268360291396,0.642857142857143,1,0.428571428571429,0.571428571428571,760.01827838584,1750.75560545936,525.794991346099,1984.9788924991,"Conformal","Conformal",0.642857142857143,1
"M1000","meanf--local--R1","meanf","local","R1",1266.72962849599,4,1140.00000000002,"M1000",2015-04-01,1,1,"Yes",447.379671719395,690.032728807282,284.606683063298,435.268360291396,0.642857142857143,1,0.428571428571429,0.571428571428571,819.349956776595,1714.10930021538,576.696899688708,1956.76235730327,"Conformal","Conformal",0.642857142857143,1
"M1000","meanf--local--R1","meanf","local","R1",1266.72962849599,4,970.000000000014,"M1000",2015-05-01,1,2,"Yes",495.36866353676,729.591950576501,284.606683063298,435.268360291396,0.642857142857143,1,0.428571428571429,0.571428571428571,771.36096495923,1762.09829203275,537.137677919489,1996.32157907249,"Conformal","Conformal",0.642857142857143,1
"M1000","meanf--local--R1","meanf","local","R1",1266.72962849599,4,1430.00000000001,"M1000",2015-06-01,1,3,"Yes",583.562826887478,766.490936849941,284.606683063298,435.268360291396,0.642857142857143,1,0.428571428571429,0.571428571428571,683.166801608512,1850.29245538347,500.238691646049,2033.22056534593,"Conformal","Conformal",0.642857142857143,1
"M1000","meanf--local--R1","meanf","local","R1",1339.10541112118,5,800.000000000002,"M1000",2015-03-01,1,1,"Yes",447.379671719395,690.032728807282,284.606683063298,435.268360291396,0.642857142857143,1,0.428571428571429,0.571428571428571,891.725739401785,1786.48508284057,649.072682313898,2029.13813992846,"Conformal","Conformal",0.642857142857143,1
"M1000","meanf--local--R1","meanf","local","R1",1339.10541112118,5,1140.00000000002,"M1000",2015-04-01,1,2,"Yes",495.36866353676,729.591950576501,284.606683063298,435.268360291396,0.642857142857143,1,0.428571428571429,0.571428571428571,843.73674758442,1834.47407465794,609.513460544679,2068.69736169768,"Conformal","Conformal",0.642857142857143,1
"M1000","meanf--local--R1","meanf","local","R1",1339.10541112118,5,970.000000000014,"M1000",2015-05-01,1,3,"Yes",583.562826887478,766.490936849941,284.606683063298,435.268360291396,0.642857142857143,1,0.428571428571429,0.571428571428571,755.542584233702,1922.66823800866,572.614474271239,2105.59634797112,"Conformal","Conformal",0.642857142857143,1
"M1000","meanf--local--R1","meanf","local","R1",1386.7468397213,6,880.000000000002,"M1000",2015-02-01,1,1,"Yes",447.379671719395,690.032728807282,284.606683063298,435.268360291396,0.642857142857143,1,0.428571428571429,0.571428571428571,939.367168001905,1834.12651144069,696.714110914018,2076.77956852858,"Conformal","Conformal",0.642857142857143,1
"M1000","meanf--local--R1","meanf","local","R1",1386.7468397213,6,800.000000000002,"M1000",2015-03-01,1,2,"Yes",495.36866353676,729.591950576501,284.606683063298,435.268360291396,0.642857142857143,1,0.428571428571429,0.571428571428571,891.37817618454,1882.11550325806,657.154889144799,2116.3387902978,"Conformal","Conformal",0.642857142857143,1
"M1000","meanf--local--R1","meanf","local","R1",1386.7468397213,6,1140.00000000002,"M1000",2015-04-01,1,3,"Yes",583.562826887478,766.490936849941,284.606683063298,435.268360291396,0.642857142857143,1,0.428571428571429,0.571428571428571,803.184012833822,1970.30966660878,620.255902871359,2153.23777657124,"Conformal","Conformal",0.642857142857143,1
"M1000","meanf--local--R1","meanf","local","R1",1455.49050543226,7,900.000000000003,"M1000",2015-01-01,1,1,"Yes",447.379671719395,690.032728807282,284.606683063298,435.268360291396,0.642857142857143,1,0.428571428571429,0.571428571428571,1008.11083371287,1902.87017715165,765.457776624978,2145.52323423954,"Conformal","Conformal",0.642857142857143,1
"M1000","meanf--local--R1","meanf","local","R1",1455.49050543226,7,880.000000000002,"M1000",2015-02-01,1,2,"Yes",495.36866353676,729.591950576501,284.606683063298,435.268360291396,0.642857142857143,1,0.428571428571429,0.571428571428571,960.1218418955,1950.85916896902,725.898554855759,2185.08245600876,"Conformal","Conformal",0.642857142857143,1
"M1000","meanf--local--R1","meanf","local","R1",1455.49050543226,7,800.000000000002,"M1000",2015-03-01,1,3,"Yes",583.562826887478,766.490936849941,284.606683063298,435.268360291396,0.642857142857143,1,0.428571428571429,0.571428571428571,871.927678544782,2039.05333231974,688.999568582319,2221.9814422822,"Conformal","Conformal",0.642857142857143,1
"M1000","meanf--local--R1","meanf","local","R1",1418.33340945254,8,1460.00000000003,"M1000",2014-12-01,1,1,"Yes",447.379671719395,690.032728807282,284.606683063298,435.268360291396,0.642857142857143,1,0.428571428571429,0.571428571428571,970.953737733146,1865.71308117193,728.300680645258,2108.36613825982,"Conformal","Conformal",0.642857142857143,1
"M1000","meanf--local--R1","meanf","local","R1",1418.33340945254,8,900.000000000003,"M1000",2015-01-01,1,2,"Yes",495.36866353676,729.591950576501,284.606683063298,435.268360291396,0.642857142857143,1,0.428571428571429,0.571428571428571,922.96474591578,1913.7020729893,688.741458876039,2147.92536002904,"Conformal","Conformal",0.642857142857143,1
"M1000","meanf--local--R1","meanf","local","R1",1418.33340945254,8,880.000000000002,"M1000",2015-02-01,1,3,"Yes",583.562826887478,766.490936849941,284.606683063298,435.268360291396,0.642857142857143,1,0.428571428571429,0.571428571428571,834.770582565062,2001.89623634002,651.842472602599,2184.82434630248,"Conformal","Conformal",0.642857142857143,1
"M1000","meanf--local--R1","meanf","local","R1",1422.70566700503,9,1060.00000000001,"M1000",2014-11-01,1,1,"Yes",447.379671719395,690.032728807282,284.606683063298,435.268360291396,0.642857142857143,1,0.428571428571429,0.571428571428571,975.325995285635,1870.08533872442,732.672938197748,2112.73839581231,"Conformal","Conformal",0.642857142857143,1
"M1000","meanf--local--R1","meanf","local","R1",1422.70566700503,9,1460.00000000003,"M1000",2014-12-01,1,2,"Yes",495.36866353676,729.591950576501,284.606683063298,435.268360291396,0.642857142857143,1,0.428571428571429,0.571428571428571,927.33700346827,1918.07433054179,693.113716428529,2152.29761758153,"Conformal","Conformal",0.642857142857143,1
"M1000","meanf--local--R1","meanf","local","R1",1422.70566700503,9,900.000000000003,"M1000",2015-01-01,1,3,"Yes",583.562826887478,766.490936849941,284.606683063298,435.268360291396,0.642857142857143,1,0.428571428571429,0.571428571428571,839.142840117552,2006.26849389251,656.214730155089,2189.19660385497,"Conformal","Conformal",0.642857142857143,1
"M1000","meanf--local--R1","meanf","local","R1",1342.88679593841,10,1880.00000000001,"M1000",2014-10-01,1,1,"Yes",447.379671719395,690.032728807282,284.606683063298,435.268360291396,0.642857142857143,1,0.428571428571429,0.571428571428571,895.507124219015,1790.2664676578,652.854067131128,2032.91952474569,"Conformal","Conformal",0.642857142857143,1
"M1000","meanf--local--R1","meanf","local","R1",1342.88679593841,10,1060.00000000001,"M1000",2014-11-01,1,2,"Yes",495.36866353676,729.591950576501,284.606683063298,435.268360291396,0.642857142857143,1,0.428571428571429,0.571428571428571,847.51813240165,1838.25545947517,613.294845361909,2072.47874651491,"Conformal","Conformal",0.642857142857143,1
"M1000","meanf--local--R1","meanf","local","R1",1342.88679593841,10,1460.00000000003,"M1000",2014-12-01,1,3,"Yes",583.562826887478,766.490936849941,284.606683063298,435.268360291396,0.642857142857143,1,0.428571428571429,0.571428571428571,759.323969050932,1926.44962282589,576.395859088469,2109.37773278835,"Conformal","Conformal",0.642857142857143,1
"M1000","meanf--local--R1","meanf","local","R1",1296.88885338705,11,1550.00000000003,"M1000",2014-09-01,1,1,"Yes",447.379671719395,690.032728807282,284.606683063298,435.268360291396,0.642857142857143,1,0.428571428571429,0.571428571428571,849.509181667655,1744.26852510644,606.856124579768,1986.92158219433,"Conformal","Conformal",0.642857142857143,1
"M1000","meanf--local--R1","meanf","local","R1",1296.88885338705,11,1880.00000000001,"M1000",2014-10-01,1,2,"Yes",495.36866353676,729.591950576501,284.606683063298,435.268360291396,0.642857142857143,1,0.428571428571429,0.571428571428571,801.52018985029,1792.25751692381,567.296902810549,2026.48080396355,"Conformal","Conformal",0.642857142857143,1
"M1000","meanf--local--R1","meanf","local","R1",1296.88885338705,11,1060.00000000001,"M1000",2014-11-01,1,3,"Yes",583.562826887478,766.490936849941,284.606683063298,435.268360291396,0.642857142857143,1,0.428571428571429,0.571428571428571,713.326026499572,1880.45168027453,530.397916537109,2063.37979023699,"Conformal","Conformal",0.642857142857143,1
"M1000","meanf--local--R1","meanf","local","R1",1291.76211011746,12,1510.00000000002,"M1000",2014-08-01,1,1,"Yes",447.379671719395,690.032728807282,284.606683063298,435.268360291396,0.642857142857143,1,0.428571428571429,0.571428571428571,844.382438398065,1739.14178183685,601.729381310178,1981.79483892474,"Conformal","Conformal",0.642857142857143,1
"M1000","meanf--local--R1","meanf","local","R1",1291.76211011746,12,1550.00000000003,"M1000",2014-09-01,1,2,"Yes",495.36866353676,729.591950576501,284.606683063298,435.268360291396,0.642857142857143,1,0.428571428571429,0.571428571428571,796.3934465807,1787.13077365422,562.170159540959,2021.35406069396,"Conformal","Conformal",0.642857142857143,1
"M1000","meanf--local--R1","meanf","local","R1",1291.76211011746,12,1880.00000000001,"M1000",2014-10-01,1,3,"Yes",583.562826887478,766.490936849941,284.606683063298,435.268360291396,0.642857142857143,1,0.428571428571429,0.571428571428571,708.199283229982,1875.32493700494,525.271173267519,2058.2530469674,"Conformal","Conformal",0.642857142857143,1
"M1000","meanf--local--R1","meanf","local","R1",1279.3002350339,13,1550.00000000003,"M1000",2014-07-01,1,1,"Yes",447.379671719395,690.032728807282,284.606683063298,435.268360291396,0.642857142857143,1,0.428571428571429,0.571428571428571,831.920563314505,1726.67990675329,589.267506226618,1969.33296384118,"Conformal","Conformal",0.642857142857143,1
"M1000","meanf--local--R1","meanf","local","R1",1279.3002350339,13,1510.00000000002,"M1000",2014-08-01,1,2,"Yes",495.36866353676,729.591950576501,284.606683063298,435.268360291396,0.642857142857143,1,0.428571428571429,0.571428571428571,783.93157149714,1774.66889857066,549.708284457399,2008.8921856104,"Conformal","Conformal",0.642857142857143,1
"M1000","meanf--local--R1","meanf","local","R1",1279.3002350339,13,1550.00000000003,"M1000",2014-09-01,1,3,"Yes",583.562826887478,766.490936849941,284.606683063298,435.268360291396,0.642857142857143,1,0.428571428571429,0.571428571428571,695.737408146422,1862.86306192138,512.809298183959,2045.79117188384,"Conformal","Conformal",0.642857142857143,1
"M1000","meanf--local--R1","meanf","local","R1",1267.3568804254,14,1220.00000000001,"M1000",2014-06-01,1,1,"Yes",447.379671719395,690.032728807282,284.606683063298,435.268360291396,0.642857142857143,1,0.428571428571429,0.571428571428571,819.977208706006,1714.73655214479,577.324151618118,1957.38960923268,"Conformal","Conformal",0.642857142857143,1
"M1000","meanf--local--R1","meanf","local","R1",1267.3568804254,14,1550.00000000003,"M1000",2014-07-01,1,2,"Yes",495.36866353676,729.591950576501,284.606683063298,435.268360291396,0.642857142857143,1,0.428571428571429,0.571428571428571,771.98821688864,1762.72554396216,537.764929848899,1996.9488310019,"Conformal","Conformal",0.642857142857143,1
"M1000","meanf--local--R1","meanf","local","R1",1267.3568804254,14,1510.00000000002,"M1000",2014-08-01,1,3,"Yes",583.562826887478,766.490936849941,284.606683063298,435.268360291396,0.642857142857143,1,0.428571428571429,0.571428571428571,683.794053537922,1850.91970731288,500.865943575459,2033.84781727534,"Conformal","Conformal",0.642857142857143,1
"M1000","meanf--local--R1","meanf","local","R1",1214.11505896977,15,1640.00000000003,"M1000",2014-05-01,1,1,"Yes",447.379671719395,690.032728807282,284.606683063298,435.268360291396,0.642857142857143,1,0.428571428571429,0.571428571428571,766.735387250375,1661.49473068916,524.082330162488,1904.14778777705,"Conformal","Conformal",0.642857142857143,1
"M1000","meanf--local--R1","meanf","local","R1",1214.11505896977,15,1220.00000000001,"M1000",2014-06-01,1,2,"Yes",495.36866353676,729.591950576501,284.606683063298,435.268360291396,0.642857142857143,1,0.428571428571429,0.571428571428571,718.74639543301,1709.48372250653,484.523108393269,1943.70700954627,"Conformal","Conformal",0.642857142857143,1
"M1000","meanf--local--R1","meanf","local","R1",1214.11505896977,15,1550.00000000003,"M1000",2014-07-01,1,3,"Yes",583.562826887478,766.490936849941,284.606683063298,435.268360291396,0.642857142857143,1,0.428571428571429,0.571428571428571,630.552232082292,1797.67788585725,447.624122119829,1980.60599581971,"Conformal","Conformal",0.642857142857143,1
"M1000","meanf--local--R1","meanf","local","R1",1176.48891403597,16,1270,"M1000",2014-04-01,1,1,"Yes",447.379671719395,690.032728807282,284.606683063298,435.268360291396,0.642857142857143,1,0.428571428571429,0.571428571428571,729.109242316576,1623.86858575536,486.456185228688,1866.52164284325,"Conformal","Conformal",0.642857142857143,1
"M1000","meanf--local--R1","meanf","local","R1",1176.48891403597,16,1640.00000000003,"M1000",2014-05-01,1,2,"Yes",495.36866353676,729.591950576501,284.606683063298,435.268360291396,0.642857142857143,1,0.428571428571429,0.571428571428571,681.12025049921,1671.85757757273,446.896963459469,1906.08086461247,"Conformal","Conformal",0.642857142857143,1
"M1000","meanf--local--R1","meanf","local","R1",1176.48891403597,16,1220.00000000001,"M1000",2014-06-01,1,3,"Yes",583.562826887478,766.490936849941,284.606683063298,435.268360291396,0.642857142857143,1,0.428571428571429,0.571428571428571,592.926087148492,1760.05174092345,409.997977186029,1942.97985088591,"Conformal","Conformal",0.642857142857143,1
"M1000","meanf--local--R1","meanf","local","R1",1106.87183104292,17,1560.00000000003,"M1000",2014-03-01,1,1,"Yes",447.379671719395,690.032728807282,284.606683063298,435.268360291396,0.642857142857143,1,0.428571428571429,0.571428571428571,659.492159323525,1554.25150276231,416.839102235638,1796.9045598502,"Conformal","Conformal",0.642857142857143,1
"M1000","meanf--local--R1","meanf","local","R1",1106.87183104292,17,1270,"M1000",2014-04-01,1,2,"Yes",495.36866353676,729.591950576501,284.606683063298,435.268360291396,0.642857142857143,1,0.428571428571429,0.571428571428571,611.50316750616,1602.24049457968,377.279880466419,1836.46378161942,"Conformal","Conformal",0.642857142857143,1
"M1000","meanf--local--R1","meanf","local","R1",1106.87183104292,17,1640.00000000003,"M1000",2014-05-01,1,3,"Yes",583.562826887478,766.490936849941,284.606683063298,435.268360291396,0.642857142857143,1,0.428571428571429,0.571428571428571,523.309004155442,1690.4346579304,340.380894192979,1873.36276789286,"Conformal","Conformal",0.642857142857143,1
"M1000","meanf--local--R1","meanf","local","R1",1064.63133646327,18,1340.00000000001,"M1000",2014-02-01,1,1,"Yes",447.379671719395,690.032728807282,284.606683063298,435.268360291396,0.642857142857143,1,0.428571428571429,0.571428571428571,617.251664743875,1512.01100818266,374.598607655988,1754.66406527055,"Conformal","Conformal",0.642857142857143,1
"M1000","meanf--local--R1","meanf","local","R1",1064.63133646327,18,1560.00000000003,"M1000",2014-03-01,1,2,"Yes",495.36866353676,729.591950576501,284.606683063298,435.268360291396,0.642857142857143,1,0.428571428571429,0.571428571428571,569.26267292651,1560.00000000003,335.039385886769,1794.22328703977,"Conformal","Conformal",0.642857142857143,1
"M1000","meanf--local--R1","meanf","local","R1",1064.63133646327,18,1270,"M1000",2014-04-01,1,3,"Yes",583.562826887478,766.490936849941,284.606683063298,435.268360291396,0.642857142857143,1,0.428571428571429,0.571428571428571,481.068509575792,1648.19416335075,298.140399613329,1831.12227331321,"Conformal","Conformal",0.642857142857143,1
"M1000","meanf--local--R1","meanf","local","R1",976.437173112552,19,1610.00000000002,"M1000",2014-01-01,1,1,"Yes",447.379671719395,690.032728807282,284.606683063298,435.268360291396,0.642857142857143,1,0.428571428571429,0.571428571428571,529.057501393158,1423.81684483195,286.40444430527,1666.46990191983,"Conformal","Conformal",0.642857142857143,1
"M1000","meanf--local--R1","meanf","local","R1",976.437173112552,19,1340.00000000001,"M1000",2014-02-01,1,2,"Yes",495.36866353676,729.591950576501,284.606683063298,435.268360291396,0.642857142857143,1,0.428571428571429,0.571428571428571,481.068509575792,1471.80583664931,246.845222536051,1706.02912368905,"Conformal","Conformal",0.642857142857143,1
"M1000","meanf--local--R1","meanf","local","R1",976.437173112552,19,1560.00000000003,"M1000",2014-03-01,1,3,"Yes",583.562826887478,766.490936849941,284.606683063298,435.268360291396,0.642857142857143,1,0.428571428571429,0.571428571428571,392.874346225074,1560.00000000003,209.946236262611,1742.92810996249,"Conformal","Conformal",0.642857142857143,1
"M1000","meanf--local--R1","meanf","local","R1",913.515625737511,20,1070,"M1000",2013-12-01,1,1,"Yes",447.379671719395,690.032728807282,284.606683063298,435.268360291396,0.642857142857143,1,0.428571428571429,0.571428571428571,466.135954018116,1360.89529745691,223.482896930229,1603.54835454479,"Conformal","Conformal",0.642857142857143,1
"M1000","meanf--local--R1","meanf","local","R1",913.515625737511,20,1610.00000000002,"M1000",2014-01-01,1,2,"Yes",495.36866353676,729.591950576501,284.606683063298,435.268360291396,0.642857142857143,1,0.428571428571429,0.571428571428571,418.146962200751,1408.88428927427,183.92367516101,1643.10757631401,"Conformal","Conformal",0.642857142857143,1
"M1000","meanf--local--R1","meanf","local","R1",913.515625737511,20,1340.00000000001,"M1000",2014-02-01,1,3,"Yes",583.562826887478,766.490936849941,284.606683063298,435.268360291396,0.642857142857143,1,0.428571428571429,0.571428571428571,329.952798850033,1497.07845262499,147.02468888757,1680.00656258745,"Conformal","Conformal",0.642857142857143,1
"M1000","meanf--local--R1","meanf","local","R1",855.525706507928,21,1100.00000000002,"M1000",2013-11-01,1,1,"Yes",447.379671719395,690.032728807282,284.606683063298,435.268360291396,0.642857142857143,1,0.428571428571429,0.571428571428571,408.146034788533,1302.90537822732,165.492977700646,1545.55843531521,"Conformal","Conformal",0.642857142857143,1
"M1000","meanf--local--R1","meanf","local","R1",855.525706507928,21,1070,"M1000",2013-12-01,1,2,"Yes",495.36866353676,729.591950576501,284.606683063298,435.268360291396,0.642857142857143,1,0.428571428571429,0.571428571428571,360.157042971168,1350.89437004469,125.933755931427,1585.11765708443,"Conformal","Conformal",0.642857142857143,1
"M1000","meanf--local--R1","meanf","local","R1",855.525706507928,21,1610.00000000002,"M1000",2014-01-01,1,3,"Yes",583.562826887478,766.490936849941,284.606683063298,435.268360291396,0.642857142857143,1,0.428571428571429,0.571428571428571,271.96287962045,1439.08853339541,89.0347696579871,1622.01664335787,"Conformal","Conformal",0.642857142857143,1
"M1000","meanf--local--R1","meanf","local","R1",816.968655196641,22,940.000000000013,"M1000",2013-10-01,1,1,"Yes",447.379671719395,690.032728807282,284.606683063298,435.268360291396,0.642857142857143,1,0.428571428571429,0.571428571428571,369.588983477246,1264.34832691604,126.935926389359,1507.00138400392,"Conformal","Conformal",0.642857142857143,1
"M1000","meanf--local--R1","meanf","local","R1",816.968655196641,22,1100.00000000002,"M1000",2013-11-01,1,2,"Yes",495.36866353676,729.591950576501,284.606683063298,435.268360291396,0.642857142857143,1,0.428571428571429,0.571428571428571,321.599991659881,1312.3373187334,87.3767046201402,1546.56060577314,"Conformal","Conformal",0.642857142857143,1
"M1000","meanf--local--R1","meanf","local","R1",816.968655196641,22,1070,"M1000",2013-12-01,1,3,"Yes",583.562826887478,766.490936849941,284.606683063298,435.268360291396,0.642857142857143,1,0.428571428571429,0.571428571428571,233.405828309163,1400.53148208412,50.4777183467,1583.45959204658,"Conformal","Conformal",0.642857142857143,1
"M1000","meanf--local--R1","meanf","local","R1",776.008581678804,23,1020.00000000001,"M1000",2013-09-01,1,1,"Yes",447.379671719395,690.032728807282,284.606683063298,435.268360291396,0.642857142857143,1,0.428571428571429,0.571428571428571,328.628909959409,1223.3882533982,85.9758528715222,1466.04131048609,"Conformal","Conformal",0.642857142857143,1
"M1000","meanf--local--R1","meanf","local","R1",776.008581678804,23,940.000000000013,"M1000",2013-10-01,1,2,"Yes",495.36866353676,729.591950576501,284.606683063298,435.268360291396,0.642857142857143,1,0.428571428571429,0.571428571428571,280.639918142044,1271.37724521556,46.4166311023033,1505.6005322553,"Conformal","Conformal",0.642857142857143,1
"M1000","meanf--local--R1","meanf","local","R1",776.008581678804,23,1100.00000000002,"M1000",2013-11-01,1,3,"Yes",583.562826887478,766.490936849941,284.606683063298,435.268360291396,0.642857142857143,1,0.428571428571429,0.571428571428571,192.445754791326,1359.57140856628,9.51764482886313,1542.49951852874,"Conformal","Conformal",0.642857142857143,1
"M1000","meanf--local--R1","meanf","local","R1",733.163383642793,24,1440.00000000002,"M1000",2013-08-01,1,1,"Yes",447.379671719395,690.032728807282,284.606683063298,435.268360291396,0.642857142857143,1,0.428571428571429,0.571428571428571,285.783711923398,1180.54305536219,43.1306548355111,1423.19611245007,"Conformal","Conformal",0.642857142857143,1
"M1000","meanf--local--R1","meanf","local","R1",733.163383642793,24,1020.00000000001,"M1000",2013-09-01,1,2,"Yes",495.36866353676,729.591950576501,284.606683063298,435.268360291396,0.642857142857143,1,0.428571428571429,0.571428571428571,237.794720106033,1228.53204717955,3.57143306629223,1462.75533421929,"Conformal","Conformal",0.642857142857143,1
"M1000","meanf--local--R1","meanf","local","R1",733.163383642793,24,940.000000000013,"M1000",2013-10-01,1,3,"Yes",583.562826887478,766.490936849941,284.606683063298,435.268360291396,0.642857142857143,1,0.428571428571429,0.571428571428571,149.600556755315,1316.72621053027,-33.327553207148,1499.65432049273,"Conformal","Conformal",0.642857142857143,1
"M1000","meanf--local--R1","meanf","local","R1",693.531732188161,25,1380,"M1000",2013-07-01,1,1,"Yes",447.379671719395,690.032728807282,284.606683063298,435.268360291396,0.642857142857143,1,0.428571428571429,0.571428571428571,246.152060468766,1140.91140390756,3.49900338087912,1383.56446099544,"Conformal","Conformal",0.642857142857143,1
"M1000","meanf--local--R1","meanf","local","R1",693.531732188161,25,1440.00000000002,"M1000",2013-08-01,1,2,"Yes",495.36866353676,729.591950576501,284.606683063298,435.268360291396,0.642857142857143,1,0.428571428571429,0.571428571428571,198.163068651401,1188.90039572492,-36.0602183883398,1423.12368276466,"Conformal","Conformal",0.642857142857143,1
"M1000","meanf--local--R1","meanf","local","R1",693.531732188161,25,1020.00000000001,"M1000",2013-09-01,1,3,"Yes",583.562826887478,766.490936849941,284.606683063298,435.268360291396,0.642857142857143,1,0.428571428571429,0.571428571428571,109.968905300683,1277.09455907564,-72.9592046617799,1460.0226690381,"Conformal","Conformal",0.642857142857143,1
"M1000","meanf--local--R1","meanf","local","R1",656.033488501952,26,1090.00000000001,"M1000",2013-06-01,1,1,"Yes",447.379671719395,690.032728807282,284.606683063298,435.268360291396,0.642857142857143,1,0.428571428571429,0.571428571428571,208.653816782557,1103.41316022135,-33.9992403053299,1346.06621730923,"Conformal","Conformal",0.642857142857143,1
"M1000","meanf--local--R1","meanf","local","R1",656.033488501952,26,1380,"M1000",2013-07-01,1,2,"Yes",495.36866353676,729.591950576501,284.606683063298,435.268360291396,0.642857142857143,1,0.428571428571429,0.571428571428571,160.664824965192,1151.40215203871,-73.5584620745487,1385.62543907845,"Conformal","Conformal",0.642857142857143,1
"M1000","meanf--local--R1","meanf","local","R1",656.033488501952,26,1440.00000000002,"M1000",2013-08-01,1,3,"Yes",583.562826887478,766.490936849941,284.606683063298,435.268360291396,0.642857142857143,1,0.428571428571429,0.571428571428571,72.470661614474,1239.59631538943,-110.457448347989,1422.52442535189,"Conformal","Conformal",0.642857142857143,1
"M1000","meanf--local--R1","meanf","local","R1",625.15944624881,27,980.000000000004,"M1000",2013-05-01,1,1,"Yes",447.379671719395,690.032728807282,284.606683063298,435.268360291396,0.642857142857143,1,0.428571428571429,0.571428571428571,177.779774529415,1072.5391179682,-64.8732825584718,1315.19217505609,"Conformal","Conformal",0.642857142857143,1
"M1000","meanf--local--R1","meanf","local","R1",625.15944624881,27,1090.00000000001,"M1000",2013-06-01,1,2,"Yes",495.36866353676,729.591950576501,284.606683063298,435.268360291396,0.642857142857143,1,0.428571428571429,0.571428571428571,129.79078271205,1120.52810978557,-104.432504327691,1354.75139682531,"Conformal","Conformal",0.642857142857143,1
"M1000","meanf--local--R1","meanf","local","R1",625.15944624881,27,1380,"M1000",2013-07-01,1,3,"Yes",583.562826887478,766.490936849941,284.606683063298,435.268360291396,0.642857142857143,1,0.428571428571429,0.571428571428571,41.596619361332,1208.72227313629,-141.331490601131,1391.65038309875,"Conformal","Conformal",0.642857142857143,1
"M1000","meanf--local--R1","meanf","local","R1",591.731626847869,28,870.000000000003,"M1000",2013-04-01,1,1,"Yes",447.379671719395,690.032728807282,284.606683063298,435.268360291396,0.642857142857143,1,0.428571428571429,0.571428571428571,144.351955128475,1039.11129856726,-98.3011019594128,1281.76435565515,"Conformal","Conformal",0.642857142857143,1
"M1000","meanf--local--R1","meanf","local","R1",591.731626847869,28,980.000000000004,"M1000",2013-05-01,1,2,"Yes",495.36866353676,729.591950576501,284.606683063298,435.268360291396,0.642857142857143,1,0.428571428571429,0.571428571428571,96.362963311109,1087.10029038463,-137.860323728632,1321.32357742437,"Conformal","Conformal",0.642857142857143,1
"M1000","meanf--local--R1","meanf","local","R1",591.731626847869,28,1090.00000000001,"M1000",2013-06-01,1,3,"Yes",583.562826887478,766.490936849941,284.606683063298,435.268360291396,0.642857142857143,1,0.428571428571429,0.571428571428571,8.16879996039108,1175.29445373535,-174.759310002072,1358.22256369781,"Conformal","Conformal",0.642857142857143,1
"M1000","meanf--local--R1","meanf","local","R1",586.184938386635,29,750.000000000011,"M1000",2013-03-01,1,1,"Yes",447.379671719395,690.032728807282,284.606683063298,435.268360291396,0.642857142857143,1,0.428571428571429,0.571428571428571,138.805266667241,1033.56461010603,-103.847790420647,1276.21766719392,"Conformal","Conformal",0.642857142857143,1
"M1000","meanf--local--R1","meanf","local","R1",586.184938386635,29,870.000000000003,"M1000",2013-04-01,1,2,"Yes",495.36866353676,729.591950576501,284.606683063298,435.268360291396,0.642857142857143,1,0.428571428571429,0.571428571428571,90.816274849875,1081.5536019234,-143.407012189866,1315.77688896314,"Conformal","Conformal",0.642857142857143,1
"M1000","meanf--local--R1","meanf","local","R1",586.184938386635,29,980.000000000004,"M1000",2013-05-01,1,3,"Yes",583.562826887478,766.490936849941,284.606683063298,435.268360291396,0.642857142857143,1,0.428571428571429,0.571428571428571,2.62211149915709,1169.74776527411,-180.305998463306,1352.67587523658,"Conformal","Conformal",0.642857142857143,1
"M1000","meanf--local--R1","meanf","local","R1",557.470711510872,30,840.000000000017,"M1000",2013-02-01,1,1,"Yes",447.379671719395,690.032728807282,284.606683063298,435.268360291396,0.642857142857143,1,0.428571428571429,0.571428571428571,110.091039791477,1004.85038323027,-132.56201729641,1247.50344031815,"Conformal","Conformal",0.642857142857143,1
"M1000","meanf--local--R1","meanf","local","R1",557.470711510872,30,750.000000000011,"M1000",2013-03-01,1,2,"Yes",495.36866353676,729.591950576501,284.606683063298,435.268360291396,0.642857142857143,1,0.428571428571429,0.571428571428571,62.1020479741119,1052.83937504763,-172.121239065629,1287.06266208737,"Conformal","Conformal",0.642857142857143,1
"M1000","meanf--local--R1","meanf","local","R1",557.470711510872,30,870.000000000003,"M1000",2013-04-01,1,3,"Yes",583.562826887478,766.490936849941,284.606683063298,435.268360291396,0.642857142857143,1,0.428571428571429,0.571428571428571,-26.092115376606,1141.03353839835,-209.020225339069,1323.96164836081,"Conformal","Conformal",0.642857142857143,1
"M1000","meanf--local--R1","meanf","local","R1",537.788310866057,31,570.000000000006,"M1000",2013-01-01,1,1,"Yes",447.379671719395,690.032728807282,284.606683063298,435.268360291396,0.642857142857143,1,0.428571428571429,0.571428571428571,90.4086391466625,985.167982585452,-152.244417941225,1227.82103967334,"Conformal","Conformal",0.642857142857143,1
"M1000","meanf--local--R1","meanf","local","R1",537.788310866057,31,840.000000000017,"M1000",2013-02-01,1,2,"Yes",495.36866353676,729.591950576501,284.606683063298,435.268360291396,0.642857142857143,1,0.428571428571429,0.571428571428571,42.4196473292969,1033.15697440282,-191.803639710444,1267.38026144256,"Conformal","Conformal",0.642857142857143,1
"M1000","meanf--local--R1","meanf","local","R1",537.788310866057,31,750.000000000011,"M1000",2013-03-01,1,3,"Yes",583.562826887478,766.490936849941,284.606683063298,435.268360291396,0.642857142857143,1,0.428571428571429,0.571428571428571,-45.7745160214209,1121.35113775354,-228.702625983884,1304.279247716,"Conformal","Conformal",0.642857142857143,1
"M1000","meanf--local--R1","meanf","local","R1",531.847997562164,32,480.000000000003,"M1000",2012-12-01,1,1,"Yes",447.379671719395,690.032728807282,284.606683063298,435.268360291396,0.642857142857143,1,0.428571428571429,0.571428571428571,84.4683258427694,979.227669281559,-158.184731245118,1221.88072636945,"Conformal","Conformal",0.642857142857143,1
"M1000","meanf--local--R1","meanf","local","R1",531.847997562164,32,570.000000000006,"M1000",2013-01-01,1,2,"Yes",495.36866353676,729.591950576501,284.606683063298,435.268360291396,0.642857142857143,1,0.428571428571429,0.571428571428571,36.4793340254039,1027.21666109892,-197.743953014337,1261.43994813866,"Conformal","Conformal",0.642857142857143,1
"M1000","meanf--local--R1","meanf","local","R1",531.847997562164,32,840.000000000017,"M1000",2013-02-01,1,3,"Yes",583.562826887478,766.490936849941,284.606683063298,435.268360291396,0.642857142857143,1,0.428571428571429,0.571428571428571,-51.714829325314,1115.41082444964,-234.642939287777,1298.3389344121,"Conformal","Conformal",0.642857142857143,1
"M1000","meanf--local--R1","meanf","local","R1",503.744634596215,33,500.000000000005,"M1000",2012-11-01,1,1,"Yes",447.379671719395,690.032728807282,284.606683063298,435.268360291396,0.642857142857143,1,0.428571428571429,0.571428571428571,56.3649628768205,951.12430631561,-186.288094211067,1193.7773634035,"Conformal","Conformal",0.642857142857143,1
"M1000","meanf--local--R1","meanf","local","R1",503.744634596215,33,480.000000000003,"M1000",2012-12-01,1,2,"Yes",495.36866353676,729.591950576501,284.606683063298,435.268360291396,0.642857142857143,1,0.428571428571429,0.571428571428571,8.37597105945491,999.113298132975,-225.847315980286,1233.33658517272,"Conformal","Conformal",0.642857142857143,1
"M1000","meanf--local--R1","meanf","local","R1",503.744634596215,33,570.000000000006,"M1000",2013-01-01,1,3,"Yes",583.562826887478,766.490936849941,284.606683063298,435.268360291396,0.642857142857143,1,0.428571428571429,0.571428571428571,-79.818192291263,1087.30746148369,-262.746302253726,1270.23557144616,"Conformal","Conformal",0.642857142857143,1
"M1000","meanf--local--R1","meanf","local","R1",492.321556479771,34,540.000000000001,"M1000",2012-10-01,1,1,"Yes",447.379671719395,690.032728807282,284.606683063298,435.268360291396,0.642857142857143,1,0.428571428571429,0.571428571428571,44.9418847603765,939.701228199166,-197.711172327511,1182.35428528705,"Conformal","Conformal",0.642857142857143,1
"M1000","meanf--local--R1","meanf","local","R1",492.321556479771,34,500.000000000005,"M1000",2012-11-01,1,2,"Yes",495.36866353676,729.591950576501,284.606683063298,435.268360291396,0.642857142857143,1,0.428571428571429,0.571428571428571,-3.04710705698909,987.690220016531,-237.27039409673,1221.91350705627,"Conformal","Conformal",0.642857142857143,1
"M1000","meanf--local--R1","meanf","local","R1",492.321556479771,34,480.000000000003,"M1000",2012-12-01,1,3,"Yes",583.562826887478,766.490936849941,284.606683063298,435.268360291396,0.642857142857143,1,0.428571428571429,0.571428571428571,-91.241270407707,1075.88438336725,-274.16938037017,1258.81249332971,"Conformal","Conformal",0.642857142857143,1
"M1000","meanf--local--R1","meanf","local","R1",485.04253503855,35,550.000000000006,"M1000",2012-09-01,1,1,"Yes",447.379671719395,690.032728807282,284.606683063298,435.268360291396,0.642857142857143,1,0.428571428571429,0.571428571428571,37.6628633191555,932.422206757945,-204.990193768732,1175.07526384583,"Conformal","Conformal",0.642857142857143,1
"M1000","meanf--local--R1","meanf","local","R1",485.04253503855,35,540.000000000001,"M1000",2012-10-01,1,2,"Yes",495.36866353676,729.591950576501,284.606683063298,435.268360291396,0.642857142857143,1,0.428571428571429,0.571428571428571,-10.3261284982101,980.41119857531,-244.549415537951,1214.63448561505,"Conformal","Conformal",0.642857142857143,1
"M1000","meanf--local--R1","meanf","local","R1",485.04253503855,35,500.000000000005,"M1000",2012-11-01,1,3,"Yes",583.562826887478,766.490936849941,284.606683063298,435.268360291396,0.642857142857143,1,0.428571428571429,0.571428571428571,-98.520291848928,1068.60536192603,-281.448401811391,1251.53347188849,"Conformal","Conformal",0.642857142857143,1
"M1000","meanf--local--R1","meanf","local","R1",469.948188233966,36,730.00000000001,"M1000",2012-08-01,1,1,"Yes",447.379671719395,690.032728807282,284.606683063298,435.268360291396,0.642857142857143,1,0.428571428571429,0.571428571428571,22.5685165145715,917.327859953361,-220.084540573316,1159.98091704125,"Conformal","Conformal",0.642857142857143,1
"M1000","meanf--local--R1","meanf","local","R1",469.948188233966,36,550.000000000006,"M1000",2012-09-01,1,2,"Yes",495.36866353676,729.591950576501,284.606683063298,435.268360291396,0.642857142857143,1,0.428571428571429,0.571428571428571,-25.4204753027941,965.316851770726,-259.643762342535,1199.54013881047,"Conformal","Conformal",0.642857142857143,1
"M1000","meanf--local--R1","meanf","local","R1",469.948188233966,36,540.000000000001,"M1000",2012-10-01,1,3,"Yes",583.562826887478,766.490936849941,284.606683063298,435.268360291396,0.642857142857143,1,0.428571428571429,0.571428571428571,-113.614638653512,1053.51101512144,-296.542748615975,1236.43912508391,"Conformal","Conformal",0.642857142857143,1
"M1000","meanf--local--R1","meanf","local","R1",448.8937729728,37,710.00000000001,"M1000",2012-07-01,1,1,"Yes",447.379671719395,690.032728807282,284.606683063298,435.268360291396,0.642857142857143,1,0.428571428571429,0.571428571428571,1.51410125340544,896.273444692195,-241.138955834482,1138.92650178008,"Conformal","Conformal",0.642857142857143,1
"M1000","meanf--local--R1","meanf","local","R1",448.8937729728,37,730.00000000001,"M1000",2012-08-01,1,2,"Yes",495.36866353676,729.591950576501,284.606683063298,435.268360291396,0.642857142857143,1,0.428571428571429,0.571428571428571,-46.4748905639601,944.26243650956,-280.698177603701,1178.4857235493,"Conformal","Conformal",0.642857142857143,1
"M1000","meanf--local--R1","meanf","local","R1",448.8937729728,37,550.000000000006,"M1000",2012-09-01,1,3,"Yes",583.562826887478,766.490936849941,284.606683063298,435.268360291396,0.642857142857143,1,0.428571428571429,0.571428571428571,-134.669053914678,1032.45659986028,-317.597163877141,1215.38470982274,"Conformal","Conformal",0.642857142857143,1
"M1000","meanf--local--R1","meanf","local","R1",447.532494105257,38,560.000000000004,"M1000",2012-06-01,1,1,"Yes",447.379671719395,690.032728807282,284.606683063298,435.268360291396,0.642857142857143,1,0.428571428571429,0.571428571428571,0.152822385862464,894.912165824652,-242.500234702025,1137.56522291254,"Conformal","Conformal",0.642857142857143,1
"M1000","meanf--local--R1","meanf","local","R1",447.532494105257,38,710.00000000001,"M1000",2012-07-01,1,2,"Yes",495.36866353676,729.591950576501,284.606683063298,435.268360291396,0.642857142857143,1,0.428571428571429,0.571428571428571,-47.8361694315031,942.901157642017,-282.059456471244,1177.12444468176,"Conformal","Conformal",0.642857142857143,1
"M1000","meanf--local--R1","meanf","local","R1",447.532494105257,38,730.00000000001,"M1000",2012-08-01,1,3,"Yes",583.562826887478,766.490936849941,284.606683063298,435.268360291396,0.642857142857143,1,0.428571428571429,0.571428571428571,-136.030332782221,1031.09532099273,-318.958442744684,1214.0234309552,"Conformal","Conformal",0.642857142857143,1
"M1000","meanf--local--R1","meanf","local","R1",440.102035045203,39,550.000000000006,"M1000",2012-05-01,1,1,"Yes",447.379671719395,690.032728807282,284.606683063298,435.268360291396,0.642857142857143,1,0.428571428571429,0.571428571428571,-7.27763667419151,887.481706764598,-249.930693762079,1130.13476385248,"Conformal","Conformal",0.642857142857143,1
"M1000","meanf--local--R1","meanf","local","R1",440.102035045203,39,560.000000000004,"M1000",2012-06-01,1,2,"Yes",495.36866353676,729.591950576501,284.606683063298,435.268360291396,0.642857142857143,1,0.428571428571429,0.571428571428571,-55.2666284915571,935.470698581963,-289.489915531298,1169.6939856217,"Conformal","Conformal",0.642857142857143,1
"M1000","meanf--local--R1","meanf","local","R1",440.102035045203,39,710.00000000001,"M1000",2012-07-01,1,3,"Yes",583.562826887478,766.490936849941,284.606683063298,435.268360291396,0.642857142857143,1,0.428571428571429,0.571428571428571,-143.460791842275,1023.66486193268,-326.388901804738,1206.59297189514,"Conformal","Conformal",0.642857142857143,1
"M1000","meanf--local--R1","meanf","local","R1",466.800468211388,40,450.000000000002,"M1000",2012-04-01,1,1,"Yes",447.379671719395,690.032728807282,284.606683063298,435.268360291396,0.642857142857143,1,0.428571428571429,0.571428571428571,19.4207964919935,914.180139930783,-223.232260595894,1156.83319701867,"Conformal","Conformal",0.642857142857143,1
"M1000","meanf--local--R1","meanf","local","R1",466.800468211388,40,550.000000000006,"M1000",2012-05-01,1,2,"Yes",495.36866353676,729.591950576501,284.606683063298,435.268360291396,0.642857142857143,1,0.428571428571429,0.571428571428571,-28.5681953253721,962.169131748148,-262.791482365113,1196.39241878789,"Conformal","Conformal",0.642857142857143,1
"M1000","meanf--local--R1","meanf","local","R1",466.800468211388,40,560.000000000004,"M1000",2012-06-01,1,3,"Yes",583.562826887478,766.490936849941,284.606683063298,435.268360291396,0.642857142857143,1,0.428571428571429,0.571428571428571,-116.76235867609,1050.36329509887,-299.690468638553,1233.29140506133,"Conformal","Conformal",0.642857142857143,1
"M1000","meanf--local--R1","meanf","local","R1",459.855869586749,41,670.000000000005,"M1000",2012-03-01,1,1,"Yes",447.379671719395,690.032728807282,284.606683063298,435.268360291396,0.642857142857143,1,0.428571428571429,0.571428571428571,12.4761978673545,907.235541306144,-230.176859220533,1149.88859839403,"Conformal","Conformal",0.642857142857143,1
"M1000","meanf--local--R1","meanf","local","R1",459.855869586749,41,450.000000000002,"M1000",2012-04-01,1,2,"Yes",495.36866353676,729.591950576501,284.606683063298,435.268360291396,0.642857142857143,1,0.428571428571429,0.571428571428571,-35.5127939500111,955.224533123509,-269.736080989752,1189.44782016325,"Conformal","Conformal",0.642857142857143,1
"M1000","meanf--local--R1","meanf","local","R1",459.855869586749,41,550.000000000006,"M1000",2012-05-01,1,3,"Yes",583.562826887478,766.490936849941,284.606683063298,435.268360291396,0.642857142857143,1,0.428571428571429,0.571428571428571,-123.706957300729,1043.41869647423,-306.635067263192,1226.34680643669,"Conformal","Conformal",0.642857142857143,1
"M1000","meanf--local--R1","meanf","local","R1",443.796252914901,42,460.000000000006,"M1000",2012-02-01,1,1,"Yes",447.379671719395,690.032728807282,284.606683063298,435.268360291396,0.642857142857143,1,0.428571428571429,0.571428571428571,-3.58341880449353,891.175924634296,-246.236475892381,1133.82898172218,"Conformal","Conformal",0.642857142857143,1
"M1000","meanf--local--R1","meanf","local","R1",443.796252914901,42,670.000000000005,"M1000",2012-03-01,1,2,"Yes",495.36866353676,729.591950576501,284.606683063298,435.268360291396,0.642857142857143,1,0.428571428571429,0.571428571428571,-51.5724106218591,939.164916451661,-285.7956976616,1173.3882034914,"Conformal","Conformal",0.642857142857143,1
"M1000","meanf--local--R1","meanf","local","R1",443.796252914901,42,450.000000000002,"M1000",2012-04-01,1,3,"Yes",583.562826887478,766.490936849941,284.606683063298,435.268360291396,0.642857142857143,1,0.428571428571429,0.571428571428571,-139.766573972577,1027.35907980238,-322.69468393504,1210.28718976484,"Conformal","Conformal",0.642857142857143,1
"M1000","meanf--local--R1","meanf","local","R1",436.129667551766,43,370.000000000002,"M1000",2012-01-01,1,1,"Yes",447.379671719395,690.032728807282,284.606683063298,435.268360291396,0.642857142857143,1,0.428571428571429,0.571428571428571,-11.2500041676286,883.509339271161,-253.903061255516,1126.16239635905,"Conformal","Conformal",0.642857142857143,1
"M1000","meanf--local--R1","meanf","local","R1",436.129667551766,43,460.000000000006,"M1000",2012-02-01,1,2,"Yes",495.36866353676,729.591950576501,284.606683063298,435.268360291396,0.642857142857143,1,0.428571428571429,0.571428571428571,-59.2389959849941,931.498331088526,-293.462283024735,1165.72161812827,"Conformal","Conformal",0.642857142857143,1
"M1000","meanf--local--R1","meanf","local","R1",436.129667551766,43,670.000000000005,"M1000",2012-03-01,1,3,"Yes",583.562826887478,766.490936849941,284.606683063298,435.268360291396,0.642857142857143,1,0.428571428571429,0.571428571428571,-147.433159335712,1019.69249443924,-330.361269298175,1202.62060440171,"Conformal","Conformal",0.642857142857143,1
"M1000","meanf--local--R1","meanf","local","R1",431.551794325594,44,420.000000000002,"M1000",2011-12-01,1,1,"Yes",447.379671719395,690.032728807282,284.606683063298,435.268360291396,0.642857142857143,1,0.428571428571429,0.571428571428571,-15.8278773938005,878.931466044989,-258.480934481688,1121.58452313288,"Conformal","Conformal",0.642857142857143,1
"M1000","meanf--local--R1","meanf","local","R1",431.551794325594,44,370.000000000002,"M1000",2012-01-01,1,2,"Yes",495.36866353676,729.591950576501,284.606683063298,435.268360291396,0.642857142857143,1,0.428571428571429,0.571428571428571,-63.8168692111661,926.920457862354,-298.040156250907,1161.14374490209,"Conformal","Conformal",0.642857142857143,1
"M1000","meanf--local--R1","meanf","local","R1",431.551794325594,44,460.000000000006,"M1000",2012-02-01,1,3,"Yes",583.562826887478,766.490936849941,284.606683063298,435.268360291396,0.642857142857143,1,0.428571428571429,0.571428571428571,-152.011032561884,1015.11462121307,-334.939142524347,1198.04273117553,"Conformal","Conformal",0.642857142857143,1
"M1000","meanf--local--R1","meanf","local","R1",447.273481212519,45,260.000000000002,"M1000",2011-11-01,1,1,"Yes",447.379671719395,690.032728807282,284.606683063298,435.268360291396,0.642857142857143,1,0.428571428571429,0.571428571428571,-0.106190506875521,894.653152931914,-242.759247594763,1137.3062100198,"Conformal","Conformal",0.642857142857143,1
"M1000","meanf--local--R1","meanf","local","R1",447.273481212519,45,420.000000000002,"M1000",2011-12-01,1,2,"Yes",495.36866353676,729.591950576501,284.606683063298,435.268360291396,0.642857142857143,1,0.428571428571429,0.571428571428571,-48.0951823242411,942.642144749279,-282.318469363982,1176.86543178902,"Conformal","Conformal",0.642857142857143,1
"M1000","meanf--local--R1","meanf","local","R1",447.273481212519,45,370.000000000002,"M1000",2012-01-01,1,3,"Yes",583.562826887478,766.490936849941,284.606683063298,435.268360291396,0.642857142857143,1,0.428571428571429,0.571428571428571,-136.289345674959,1030.8363081,-319.217455637422,1213.76441806246,"Conformal","Conformal",0.642857142857143,1
"M1000","meanf--local--R1","meanf","local","R1",439.27110186914,46,410.000000000003,"M1000",2011-10-01,1,1,"Yes",447.379671719395,690.032728807282,284.606683063298,435.268360291396,0.642857142857143,1,0.428571428571429,0.571428571428571,-8.10856985025453,886.650773588535,-250.761626938142,1129.30383067642,"Conformal","Conformal",0.642857142857143,1
"M1000","meanf--local--R1","meanf","local","R1",439.27110186914,46,260.000000000002,"M1000",2011-11-01,1,2,"Yes",495.36866353676,729.591950576501,284.606683063298,435.268360291396,0.642857142857143,1,0.428571428571429,0.571428571428571,-56.0975616676201,934.6397654059,-290.320848707361,1168.86305244564,"Conformal","Conformal",0.642857142857143,1
"M1000","meanf--local--R1","meanf","local","R1",439.27110186914,46,420.000000000002,"M1000",2011-12-01,1,3,"Yes",583.562826887478,766.490936849941,284.606683063298,435.268360291396,0.642857142857143,1,0.428571428571429,0.571428571428571,-144.291725018338,1022.83392875662,-327.219834980801,1205.76203871908,"Conformal","Conformal",0.642857142857143,1
"M1000","meanf--local--R1","meanf","local","R1",440.832875367798,47,460.000000000006,"M1000",2011-09-01,1,1,"Yes",447.379671719395,690.032728807282,284.606683063298,435.268360291396,0.642857142857143,1,0.428571428571429,0.571428571428571,-6.54679635159653,888.212547087193,-249.199853439484,1130.86560417508,"Conformal","Conformal",0.642857142857143,1
"M1000","meanf--local--R1","meanf","local","R1",440.832875367798,47,410.000000000003,"M1000",2011-10-01,1,2,"Yes",495.36866353676,729.591950576501,284.606683063298,435.268360291396,0.642857142857143,1,0.428571428571429,0.571428571428571,-54.5357881689621,936.201538904558,-288.759075208703,1170.4248259443,"Conformal","Conformal",0.642857142857143,1
"M1000","meanf--local--R1","meanf","local","R1",440.832875367798,47,260.000000000002,"M1000",2011-11-01,1,3,"Yes",583.562826887478,766.490936849941,284.606683063298,435.268360291396,0.642857142857143,1,0.428571428571429,0.571428571428571,-142.72995151968,1024.39570225528,-325.658061482143,1207.32381221774,"Conformal","Conformal",0.642857142857143,1
"M1000","meanf--local--R1","meanf","local","R1",437.7775870714,48,500.000000000005,"M1000",2011-08-01,1,1,"Yes",447.379671719395,690.032728807282,284.606683063298,435.268360291396,0.642857142857143,1,0.428571428571429,0.571428571428571,-9.60208464799456,885.157258790794,-252.255141735882,1127.81031587868,"Conformal","Conformal",0.642857142857143,1
"M1000","meanf--local--R1","meanf","local","R1",437.7775870714,48,460.000000000006,"M1000",2011-09-01,1,2,"Yes",495.36866353676,729.591950576501,284.606683063298,435.268360291396,0.642857142857143,1,0.428571428571429,0.571428571428571,-57.5910764653601,933.14625060816,-291.814363505101,1167.3695376479,"Conformal","Conformal",0.642857142857143,1
"M1000","meanf--local--R1","meanf","local","R1",437.7775870714,48,410.000000000003,"M1000",2011-10-01,1,3,"Yes",583.562826887478,766.490936849941,284.606683063298,435.268360291396,0.642857142857143,1,0.428571428571429,0.571428571428571,-145.785239816078,1021.34041395888,-328.713349778541,1204.26852392134,"Conformal","Conformal",0.642857142857143,1
"M1000","meanf--local--R1","meanf","local","R1",445.079520982168,49,410.000000000003,"M1000",2011-07-01,1,1,"Yes",447.379671719395,690.032728807282,284.606683063298,435.268360291396,0.642857142857143,1,0.428571428571429,0.571428571428571,-2.30015073722655,892.459192701563,-244.953207825114,1135.11224978945,"Conformal","Conformal",0.642857142857143,1
"M1000","meanf--local--R1","meanf","local","R1",445.079520982168,49,500.000000000005,"M1000",2011-08-01,1,2,"Yes",495.36866353676,729.591950576501,284.606683063298,435.268360291396,0.642857142857143,1,0.428571428571429,0.571428571428571,-50.2891425545921,940.448184518928,-284.512429594333,1174.67147155867,"Conformal","Conformal",0.642857142857143,1
"M1000","meanf--local--R1","meanf","local","R1",445.079520982168,49,460.000000000006,"M1000",2011-09-01,1,3,"Yes",583.562826887478,766.490936849941,284.606683063298,435.268360291396,0.642857142857143,1,0.428571428571429,0.571428571428571,-138.48330590531,1028.64234786965,-321.411415867773,1211.57045783211,"Conformal","Conformal",0.642857142857143,1
"M1000","meanf--local--R1","meanf","local","R1",442.960867018574,50,540.000000000001,"M1000",2011-06-01,1,1,"Yes",447.379671719395,690.032728807282,284.606683063298,435.268360291396,0.642857142857143,1,0.428571428571429,0.571428571428571,-4.41880470082054,890.340538737968,-247.071861788708,1132.99359582586,"Conformal","Conformal",0.642857142857143,1
"M1000","meanf--local--R1","meanf","local","R1",442.960867018574,50,410.000000000003,"M1000",2011-07-01,1,2,"Yes",495.36866353676,729.591950576501,284.606683063298,435.268360291396,0.642857142857143,1,0.428571428571429,0.571428571428571,-52.4077965181861,938.329530555334,-286.631083557927,1172.55281759507,"Conformal","Conformal",0.642857142857143,1
"M1000","meanf--local--R1","meanf","local","R1",442.960867018574,50,500.000000000005,"M1000",2011-08-01,1,3,"Yes",583.562826887478,766.490936849941,284.606683063298,435.268360291396,0.642857142857143,1,0.428571428571429,0.571428571428571,-140.601959868904,1026.52369390605,-323.530069831367,1209.45180386851,"Conformal","Conformal",0.642857142857143,1
"M1000","meanf--local--R1","meanf","local","R1",446.117327113684,51,450.000000000002,"M1000",2011-05-01,1,1,"Yes",447.379671719395,690.032728807282,284.606683063298,435.268360291396,0.642857142857143,1,0.428571428571429,0.571428571428571,-1.26234460571055,893.496998833079,-243.915401693598,1136.15005592097,"Conformal","Conformal",0.642857142857143,1
