Date,Region,Product,Revenue,Price
2023-01-01,East,Laptops,111098,999
2023-02-01,East,Laptops,117406,999.83
2023-03-01,East,Laptops,119283,1000.67
2023-04-01,East,Laptops,132780,1001.5
2023-05-01,East,Laptops,137006,1002.33
2023-06-01,East,Laptops,138413,1003.16
2023-07-01,East,Laptops,139558,1003.99
2023-08-01,East,Laptops,128369,1004.83
2023-09-01,East,Laptops,127000,1005.66
2023-10-01,East,Laptops,120480,1006.49
2023-11-01,East,Laptops,113218,1007.32
2023-12-01,East,Laptops,114123,1008.16
2024-01-01,East,Laptops,118803,1008.99
2024-02-01,East,Laptops,118703,1009.82
2024-03-01,East,Laptops,129083,1010.66
2024-04-01,East,Laptops,142812,1011.49
2024-05-01,East,Laptops,149939,1012.32
2024-06-01,East,Laptops,142764,1013.15
2024-07-01,East,Laptops,145606,1013.98
2024-08-01,East,Laptops,141484,1014.82
2024-09-01,East,Laptops,137820,1015.65
2024-10-01,East,Laptops,122479,1016.48
2024-11-01,East,Laptops,125557,1017.31
2024-12-01,East,Laptops,123514,1018.15
2025-01-01,East,Laptops,,1018.98
2025-02-01,East,Laptops,,1019.81
2025-03-01,East,Laptops,,1020.65
2023-01-01,East,Tablets,61061,449
2023-02-01,East,Tablets,62138,449.37
2023-03-01,East,Tablets,68567,449.75
2023-04-01,East,Tablets,72540,450.12
2023-05-01,East,Tablets,76418,450.5
2023-06-01,East,Tablets,75400,450.87
2023-07-01,East,Tablets,76531,451.24
2023-08-01,East,Tablets,69932,451.62
2023-09-01,East,Tablets,70925,451.99
2023-10-01,East,Tablets,62728,452.37
2023-11-01,East,Tablets,61132,452.74
2023-12-01,East,Tablets,63822,453.12
2024-01-01,East,Tablets,63851,453.49
2024-02-01,East,Tablets,66106,453.86
2024-03-01,East,Tablets,71027,454.24
2024-04-01,East,Tablets,73270,454.61
2024-05-01,East,Tablets,82680,454.99
2024-06-01,East,Tablets,80809,455.36
2024-07-01,East,Tablets,83458,455.73
2024-08-01,East,Tablets,80125,456.11
2024-09-01,East,Tablets,74524,456.48
2024-10-01,East,Tablets,72261,456.86
2024-11-01,East,Tablets,67362,457.23
2024-12-01,East,Tablets,64990,457.61
2025-01-01,East,Tablets,,457.98
2025-02-01,East,Tablets,,458.35
2025-03-01,East,Tablets,,458.73
2023-01-01,West,Laptops,81987,999
2023-02-01,West,Laptops,91593,999.83
2023-03-01,West,Laptops,97438,1000.67
2023-04-01,West,Laptops,99717,1001.5
2023-05-01,West,Laptops,105197,1002.33
2023-06-01,West,Laptops,109536,1003.16
2023-07-01,West,Laptops,109955,1003.99
2023-08-01,West,Laptops,108728,1004.83
2023-09-01,West,Laptops,101356,1005.66
2023-10-01,West,Laptops,94339,1006.49
2023-11-01,West,Laptops,92451,1007.32
2023-12-01,West,Laptops,86585,1008.16
2024-01-01,West,Laptops,89229,1008.99
2024-02-01,West,Laptops,98365,1009.82
2024-03-01,West,Laptops,104084,1010.66
2024-04-01,West,Laptops,106948,1011.49
2024-05-01,West,Laptops,110148,1012.32
2024-06-01,West,Laptops,113236,1013.15
2024-07-01,West,Laptops,112882,1013.98
2024-08-01,West,Laptops,111286,1014.82
2024-09-01,West,Laptops,103133,1015.65
2024-10-01,West,Laptops,101601,1016.48
2024-11-01,West,Laptops,91892,1017.31
2024-12-01,West,Laptops,93468,1018.15
2025-01-01,West,Laptops,,1018.98
2025-02-01,West,Laptops,,1019.81
2025-03-01,West,Laptops,,1020.65
2023-01-01,West,Tablets,45539,449
2023-02-01,West,Tablets,48845,449.37
2023-03-01,West,Tablets,53477,449.75
2023-04-01,West,Tablets,57600,450.12
2023-05-01,West,Tablets,59329,450.5
2023-06-01,West,Tablets,58947,450.87
2023-07-01,West,Tablets,57745,451.24
2023-08-01,West,Tablets,55740,451.62
2023-09-01,West,Tablets,53840,451.99
2023-10-01,West,Tablets,52390,452.37
2023-11-01,West,Tablets,47574,452.74
2023-12-01,West,Tablets,47793,453.12
2024-01-01,West,Tablets,51837,453.49
2024-02-01,West,Tablets,54642,453.86
2024-03-01,West,Tablets,57579,454.24
2024-04-01,West,Tablets,59430,454.61
2024-05-01,West,Tablets,63142,454.99
2024-06-01,West,Tablets,65580,455.36
2024-07-01,West,Tablets,64345,455.73
2024-08-01,West,Tablets,62145,456.11
2024-09-01,West,Tablets,57025,456.48
2024-10-01,West,Tablets,53880,456.86
2024-11-01,West,Tablets,52356,457.23
2024-12-01,West,Tablets,53991,457.61
2025-01-01,West,Tablets,,457.98
2025-02-01,West,Tablets,,458.35
2025-03-01,West,Tablets,,458.73
