"Date","Region","Product","Revenue"
"2021-01-01","East","Cloud",1321.31
"2021-02-01","East","Cloud",1308.46
"2021-03-01","East","Cloud",1371.01
"2021-04-01","East","Cloud",1376.91
"2021-05-01","East","Cloud",1335.48
"2021-06-01","East","Cloud",1266.14
"2021-07-01","East","Cloud",1272.33
"2021-08-01","East","Cloud",1178.69
"2021-09-01","East","Cloud",1248.47
"2021-10-01","East","Cloud",1202.38
"2021-11-01","East","Cloud",1311.77
"2021-12-01","East","Cloud",1426.32
"2022-01-01","East","Cloud",1374.59
"2022-02-01","East","Cloud",1478.2
"2022-03-01","East","Cloud",1516.09
"2022-04-01","East","Cloud",1539.51
"2022-05-01","East","Cloud",1469.2
"2022-06-01","East","Cloud",1326.72
"2022-07-01","East","Cloud",1276.2
"2022-08-01","East","Cloud",1371.47
"2022-09-01","East","Cloud",1305.87
"2022-10-01","East","Cloud",1285.07
"2022-11-01","East","Cloud",1410.39
"2022-12-01","East","Cloud",1549.01
"2023-01-01","East","Cloud",1663.77
"2023-02-01","East","Cloud",1651.33
"2023-03-01","East","Cloud",1694.13
"2023-04-01","East","Cloud",1635.14
"2023-05-01","East","Cloud",1673.53
"2023-06-01","East","Cloud",1570
"2023-07-01","East","Cloud",1544.14
"2023-08-01","East","Cloud",1508.2
"2023-09-01","East","Cloud",1512.2
"2023-10-01","East","Cloud",1489.17
"2023-11-01","East","Cloud",1604.74
"2023-12-01","East","Cloud",1624.1
"2024-01-01","East","Cloud",1758.77
"2024-02-01","East","Cloud",1836.22
"2024-03-01","East","Cloud",1820.89
"2024-04-01","East","Cloud",1903.75
"2024-05-01","East","Cloud",1863.22
"2024-06-01","East","Cloud",1771.21
"2024-07-01","East","Cloud",1738.37
"2024-08-01","East","Cloud",1634.6
"2024-09-01","East","Cloud",1602.67
"2024-10-01","East","Cloud",1708.01
"2024-11-01","East","Cloud",1747.74
"2024-12-01","East","Cloud",1940.21
"2021-01-01","East","Devices",831.72
"2021-02-01","East","Devices",889.31
"2021-03-01","East","Devices",894.25
"2021-04-01","East","Devices",859.08
"2021-05-01","East","Devices",888.23
"2021-06-01","East","Devices",827.34
"2021-07-01","East","Devices",775.37
"2021-08-01","East","Devices",751.9
"2021-09-01","East","Devices",752.44
"2021-10-01","East","Devices",751.1
"2021-11-01","East","Devices",709.04
"2021-12-01","East","Devices",830.84
"2022-01-01","East","Devices",858.52
"2022-02-01","East","Devices",904.23
"2022-03-01","East","Devices",927.09
"2022-04-01","East","Devices",937.82
"2022-05-01","East","Devices",858.47
"2022-06-01","East","Devices",867.53
"2022-07-01","East","Devices",804.47
"2022-08-01","East","Devices",792.54
"2022-09-01","East","Devices",780.32
"2022-10-01","East","Devices",788.71
"2022-11-01","East","Devices",779.27
"2022-12-01","East","Devices",846.56
"2023-01-01","East","Devices",908.32
"2023-02-01","East","Devices",903.89
"2023-03-01","East","Devices",927.49
"2023-04-01","East","Devices",945.3
"2023-05-01","East","Devices",920.64
"2023-06-01","East","Devices",872.49
"2023-07-01","East","Devices",799.05
"2023-08-01","East","Devices",764.25
"2023-09-01","East","Devices",817.28
"2023-10-01","East","Devices",800.74
"2023-11-01","East","Devices",830.55
"2023-12-01","East","Devices",871.28
"2024-01-01","East","Devices",891.49
"2024-02-01","East","Devices",969.27
"2024-03-01","East","Devices",963.52
"2024-04-01","East","Devices",954.91
"2024-05-01","East","Devices",951.67
"2024-06-01","East","Devices",906.92
"2024-07-01","East","Devices",878.33
"2024-08-01","East","Devices",802.94
"2024-09-01","East","Devices",820.01
"2024-10-01","East","Devices",851.77
"2024-11-01","East","Devices",826.62
"2024-12-01","East","Devices",879.75
"2021-01-01","West","Cloud",976.93
"2021-02-01","West","Cloud",1015.01
"2021-03-01","West","Cloud",1084.44
"2021-04-01","West","Cloud",1100.12
"2021-05-01","West","Cloud",1091.54
"2021-06-01","West","Cloud",1048.54
"2021-07-01","West","Cloud",950.57
"2021-08-01","West","Cloud",1005.15
"2021-09-01","West","Cloud",930.48
"2021-10-01","West","Cloud",977.92
"2021-11-01","West","Cloud",1013.82
"2021-12-01","West","Cloud",1089.01
"2022-01-01","West","Cloud",1165.93
"2022-02-01","West","Cloud",1218.49
"2022-03-01","West","Cloud",1243.77
"2022-04-01","West","Cloud",1246.81
"2022-05-01","West","Cloud",1202.08
"2022-06-01","West","Cloud",1157.21
"2022-07-01","West","Cloud",1078.69
"2022-08-01","West","Cloud",1084.44
"2022-09-01","West","Cloud",1077.3
"2022-10-01","West","Cloud",1198.15
"2022-11-01","West","Cloud",1140.92
"2022-12-01","West","Cloud",1260.29
"2023-01-01","West","Cloud",1292.08
"2023-02-01","West","Cloud",1355.45
"2023-03-01","West","Cloud",1434.71
"2023-04-01","West","Cloud",1401.88
"2023-05-01","West","Cloud",1398.24
"2023-06-01","West","Cloud",1335.11
"2023-07-01","West","Cloud",1277.45
"2023-08-01","West","Cloud",1201.93
"2023-09-01","West","Cloud",1220.79
"2023-10-01","West","Cloud",1294.44
"2023-11-01","West","Cloud",1372.87
"2023-12-01","West","Cloud",1430.78
"2024-01-01","West","Cloud",1534.85
"2024-02-01","West","Cloud",1638.96
"2024-03-01","West","Cloud",1686.86
"2024-04-01","West","Cloud",1613.56
"2024-05-01","West","Cloud",1604.7
"2024-06-01","West","Cloud",1583.65
"2024-07-01","West","Cloud",1475.79
"2024-08-01","West","Cloud",1447.08
"2024-09-01","West","Cloud",1441.6
"2024-10-01","West","Cloud",1457.42
"2024-11-01","West","Cloud",1547.53
"2024-12-01","West","Cloud",1660.72
"2021-01-01","West","Devices",621.49
"2021-02-01","West","Devices",669.81
"2021-03-01","West","Devices",648.02
"2021-04-01","West","Devices",639.79
"2021-05-01","West","Devices",637.26
"2021-06-01","West","Devices",574.96
"2021-07-01","West","Devices",562.59
"2021-08-01","West","Devices",512.78
"2021-09-01","West","Devices",552.89
"2021-10-01","West","Devices",533.96
"2021-11-01","West","Devices",551.12
"2021-12-01","West","Devices",565.71
"2022-01-01","West","Devices",616.22
"2022-02-01","West","Devices",622.37
"2022-03-01","West","Devices",633.94
"2022-04-01","West","Devices",657.81
"2022-05-01","West","Devices",609.07
"2022-06-01","West","Devices",562.8
"2022-07-01","West","Devices",554.99
"2022-08-01","West","Devices",523.36
"2022-09-01","West","Devices",531.86
"2022-10-01","West","Devices",553.89
"2022-11-01","West","Devices",530.48
"2022-12-01","West","Devices",584.42
"2023-01-01","West","Devices",605.56
"2023-02-01","West","Devices",640.16
"2023-03-01","West","Devices",626.53
"2023-04-01","West","Devices",637
"2023-05-01","West","Devices",568.57
"2023-06-01","West","Devices",600.86
"2023-07-01","West","Devices",556.58
"2023-08-01","West","Devices",516.58
"2023-09-01","West","Devices",484.74
"2023-10-01","West","Devices",529.12
"2023-11-01","West","Devices",546.08
"2023-12-01","West","Devices",564.6
"2024-01-01","West","Devices",594.68
"2024-02-01","West","Devices",601.04
"2024-03-01","West","Devices",624.7
"2024-04-01","West","Devices",614.81
"2024-05-01","West","Devices",582.95
"2024-06-01","West","Devices",534.99
"2024-07-01","West","Devices",542.81
"2024-08-01","West","Devices",518.88
"2024-09-01","West","Devices",485.55
"2024-10-01","West","Devices",478.5
"2024-11-01","West","Devices",530.32
"2024-12-01","West","Devices",547.21
